"","rating","alcohol","bitterness","aroma","cocoaContent","marshmallows","thickness","flavour"
"1",51.9453543835618,4.4103897846166,1.83471160704708,1.12354206458622,68.1182759407119,"yes",1.98872220865665,"HotChili"
"2",29.6887056799491,1.72053387715936,4.7485910584539,1.08940999408177,46.2723180793388,"yes",2.50170436108493,"IrishCream"
"3",61.7393433907517,5.44607672830184,2.70895051280731,1.11576891195476,67.109407164759,"yes",2.28809387186479,"IrishCream"
"4",46.7284402698245,4.58179171055776,1.37981250356874,1.0633118726473,57.4326889375169,"yes",1.04402930972089,"IrishCream"
"5",43.0445944357788,4.91738798090548,6.06252155175378,2.10793417447644,55.4741805376195,"no",1.00912985890855,"HotChili"
"6",83.0206821161731,6.50282979474819,6.14808078956475,1.1619770197715,68.5501864809783,"no",2.31803516692909,"IrishCream"
"7",17.270711227159,0.918454182387753,2.26067070062273,1.97028875193151,42.7350476352744,"yes",1.86598560301078,"IrishCream"
"8",45.4413957344015,2.60940582921396,0.0345920768377824,2.84525725012001,58.8379053770745,"no",1.18895953847761,"Plain"
"9",39.3358532624698,2.59157662881763,1.52663304102887,1.22788172275188,64.0433954234332,"yes",1.50240835246986,"Peppermint"
"10",67.3621852587427,5.94613264165461,0.304506645361198,3.31832985583673,68.6797382079677,"yes",2.94016331710876,"Peppermint"
"11",53.5318169234041,3.68222461013807,4.05845114583861,1.36203891144698,55.5622722721397,"no",1.41103535073375,"IrishCream"
"12",51.7985457990018,4.04423137139594,3.24381692835313,1.49386958278957,64.9144646088291,"no",3.82777240337296,"IrishCream"
"13",59.6030453234085,4.52430779655559,2.69292036273442,5,63.0839969221456,"yes",1.92148205832222,"Peppermint"
"14",46.4972069907085,4.26298974619235,1.97098768512818,2.2938669284208,58.0033994576458,"no",2.19297643291108,"HotChili"
"15",28.229949133413,2.11074556403658,3.43040161298459,1.81798893367163,52.0513929949653,"no",3.17892063313404,"IrishCream"
"16",60.227934054162,4.63185651440739,1.31813281328752,1.95112978246381,62.7149809559205,"no",1.16518897106548,"IrishCream"
"17",67.1753385065655,5.10233226856307,6.4855922065698,1.97830021385523,61.17636960461,"yes",2.74506264851289,"IrishCream"
"18",44.087937728036,2.95917860737445,0.956145379119068,1.19226627420941,51.5151669734462,"yes",1.06322318127484,"HotChili"
"19",68.9162554762888,4.77318985539211,1.08493632844081,2.14732942978214,63.7209989294102,"no",1.28863156866979,"Peppermint"
"20",38.6003615411057,4.02251520255868,1.056005824221,2.62957333585949,57.85116637235,"no",1.12188330767799,"HotChili"
"21",100,6.69070270637904,2.1611347442544,2.08888500025307,80.2073469752395,"yes",2.33303109586109,"Peppermint"
"22",64.5938484758365,5.23846295328006,0.575469226897754,2.21860095240689,63.3699145892617,"yes",2.83665099484216,"IrishCream"
"23",87.8867547537452,6.83367872479899,4.60513859362502,2.54655829711151,74.8053839989415,"no",1.37449821460591,"Plain"
"24",65.4880590550374,5.35318380432381,3.8022322256072,2.32684611373049,73.9660745199291,"yes",2.0126248088382,"HotChili"
"25",72.2571503509064,7.09319712864779,1.70681218328057,1.7001214235926,69.6020423140667,"yes",1.50897522046535,"HotChili"
"26",57.3174702547201,5.18884300356564,1.45951222863239,1.46343650783055,65.0337969007041,"yes",2.33808750672237,"Peppermint"
"27",61.425699788586,3.74500240142255,0.67427258119172,2.66885261986975,60.7195053399811,"yes",4.00480515208656,"IrishCream"
"28",48.676538572441,3.72775645221868,1.56888141202454,1.46537837196798,63.2093056976616,"yes",3.21860801113694,"IrishCream"
"29",27.8274279692787,2.57838108584178,4.75443178444892,1.78558373513287,47.5809776327486,"yes",1.39951753157241,"IrishCream"
"30",65.0008305082494,4.92408998562378,2.48844721678404,1.41602171857588,66.4672780695319,"yes",2.74342927850024,"Peppermint"
"31",50.5360208090268,4.23063494780539,4.86335160004668,2.75134877116379,61.6770895035136,"yes",2.74674516441914,"IrishCream"
"32",54.5620677210667,4.50133881192445,2.28207507342118,2.37345770684572,60.9857446337635,"yes",1.50844554280337,"IrishCream"
"33",61.6336862354578,5.80771173946491,0.0580723844634067,1.67922043736526,63.205356976081,"yes",1.45091401574237,"Peppermint"
"34",52.127787326112,3.69611232721279,1.04941772090811,1.02955930035864,65.4626289709324,"yes",1.32258448411285,"Plain"
"35",55.2553949131252,4.53257807074682,0.0161982949152128,2.91071603638619,63.7604855910247,"yes",3.24733314016659,"HotChili"
"36",42.3234916613343,2.53548928206678,3.40874639434589,1.98881755688412,56.4649072189799,"no",2.20990394524085,"IrishCream"
"37",61.341317174457,4.85364013859727,1.00583336392928,2.23758452934768,68.5851160905128,"no",1.58999757038862,"Peppermint"
"38",60.81954053626,5.2681525338852,1.1423181743915,1.9606042201041,70.4278506404701,"no",3.2734456144329,"HotChili"
"39",92.0683254247212,7.40031488902048,3.49985583119915,2.39925838651147,81.9753286694092,"no",2.51846005069489,"HotChili"
"40",61.4123345271704,4.60536839093984,1.5060553618235,1.45353242361434,73.3208957138408,"no",2.08152491979971,"Plain"
"41",44.0776960615779,3.7398012533185,3.13402033134352,1.92584479585853,58.9554559070475,"yes",1.34177119929801,"Peppermint"
"42",50.9883869382177,4.41077888767604,0.70185955995194,2.20635265787427,56.9544361871627,"no",2.01396129748541,"HotChili"
"43",49.6507665996502,4.24583762859673,6.69128287120059,1.62938981878797,61.969475608081,"yes",1.18754266799892,"Peppermint"
"44",36.3110734086025,1.97022447107336,1.89465887241249,1.7422374741445,49.2118148888352,"yes",1.49275177629877,"HotChili"
"45",52.1645654644748,3.90707630738962,2.04619834841996,1.49003435713922,58.0495214022123,"no",2.24016467493876,"IrishCream"
"46",67.1556951536794,5.3108413991261,1.95008869142836,1.97811768468525,63.2006833949903,"yes",1.26567717976078,"HotChili"
"47",46.8841193768819,3.4775830097959,4.83456352702873,2.0169887633661,54.1274157689507,"yes",2.07000046701419,"Plain"
"48",76.6570636525606,7.46304418316104,6.6513694120454,2.59366488829668,81.0589416467098,"yes",1.83177462934861,"HotChili"
"49",66.8157909280506,6.02103425081785,2.48490126972774,1.13209833926214,60.7774657737733,"yes",2.26611214854928,"HotChili"
"50",47.5236424210693,5.53586711141072,0.024387009785709,1.08004753978993,50.1419652662844,"no",1.42438003996241,"IrishCream"
"51",44.918542571335,5.02529725091985,3.86584731279984,2.05908009200338,60.3316522959692,"yes",1.74513974729701,"IrishCream"
"52",51.7467424536888,4.63142734674263,0.791421904973003,1.71195707260717,60.6572474786558,"no",1.42502106479307,"IrishCream"
"53",28.0793983875668,2.947836476806,0.735960669114067,2.02311659026268,49.5029829151076,"yes",3.17405332725752,"IrishCream"
"54",31.6650740597696,2.82563758335504,2.45662883854627,1.80779722823162,52.1104271499758,"no",2.86763004582682,"IrishCream"
"55",52.8903300466936,4.33000002059989,2.7543246538547,2.52245470207015,49.4913314536461,"yes",2.74913525958512,"Peppermint"
"56",58.7631127360905,4.13719697351295,0.650441108397319,1.78408184990378,53.9290027959444,"no",1.21042881779477,"HotChili"
"57",56.7781758500569,4.10693994205482,7.85434357323946,1.2938167444003,65.5529303883064,"yes",2.73331306201937,"Plain"
"58",58.1549799067476,3.80779041972763,4.43531697422337,1.48159031613279,70.6480894954736,"yes",1.00036133545634,"HotChili"
"59",56.1478606875681,5.11044943064376,2.38248288668556,1.09289849802498,64.6001912186193,"yes",1.12334624855292,"Plain"
"60",51.1565086937127,2.8643587116653,0.156679075862848,1.67758117819539,63.7430467497012,"yes",1.60453341209917,"HotChili"
"61",47.6608674944848,3.60460317599397,3.53584759858463,2.33791257487196,61.447012080655,"no",1.95189180384056,"Plain"
"62",38.8815775225289,3.09522058616362,0.0733133127916365,1.51346435458168,62.1748968593135,"no",3.42653288969889,"IrishCream"
"63",53.0695751819761,4.45918226862987,0.101072600977184,2.08629424610254,66.8161035252994,"yes",2.89710627869053,"HotChili"
"64",51.6720836999669,4.56728447664554,2.96634456582884,2.73307408301746,68.2200517857547,"yes",3.45039809109513,"Peppermint"
"65",55.1839540572756,4.87812466551918,1.31913025484896,2.20798837793046,67.501512008872,"yes",3.06221799854508,"Plain"
"66",60.1507332514043,4.28385010400635,1.84008451724977,1.68529252237736,57.91043860614,"no",1.05857925064137,"HotChili"
"67",42.7667973974535,4.91380217950521,2.56737302336091,2.53957815736588,50.2424028516238,"yes",1.69793246969295,"HotChili"
"68",74.0806192539417,5.91095499763205,2.2799571018844,1.00031146117697,68.5476509503089,"no",1.78898459712539,"HotChili"
"69",50.5104468507733,4.12982916864653,2.68941914483774,1.73527996994575,55.794512624118,"no",1.21025363345766,"IrishCream"
"70",61.6072693114937,2.95485719425406,3.10190257447467,2.39213751735619,54.9569036015781,"no",1.3022825725823,"IrishCream"
"71",53.4865162958858,4.29136980923494,3.12295852979931,2.32122141972179,61.1682225962775,"yes",1.57651685495924,"Plain"
"72",59.287914426889,5.48084992488332,1.86866645252734,1.16670981086836,63.9694572978179,"yes",2.58802955534218,"HotChili"
"73",57.0103502956721,4.27096701600247,0.990184743561608,2.1704128698709,68.8439644557261,"yes",1.46251534462385,"IrishCream"
"74",54.2814782270572,3.91221387639562,3.76998465757267,2.23402348043031,68.9281468468765,"yes",2.68504238232398,"Plain"
"75",74.502929432801,6.59369520902786,3.6573570375392,1,65.0297951895629,"no",2.05048561212849,"HotChili"
"76",53.9612411445172,4.77352596533482,0.844032054366753,1.9496098655958,59.2291587284868,"yes",1.59945529516389,"Plain"
"77",39.6512672387087,3.73043420724628,1.30436226172026,1.24509417576369,58.0034943636184,"yes",2.83071994162624,"Plain"
"78",52.5400924736063,2.51587991047736,0.0258211169042077,2.63035224244577,55.8752451697316,"no",2.05619026993913,"HotChili"
"79",48.7490377321143,3.71851474237339,1.65360985654689,1.49543927275787,56.8657135626012,"no",1.43338264794139,"IrishCream"
"80",55.4560727671934,4.07483509646714,7.23268434040471,1.62598822924674,58.2547195464368,"yes",1.58428568700813,"IrishCream"
"81",44.0673816150115,4.84849668145565,2.28262123224107,1.27312981792819,54.9459926895421,"yes",1.13397505278778,"IrishCream"
"82",43.2662836802784,3.50858426727049,1.19474533035771,1.93977474942199,55.8901721810749,"yes",1.62317760339836,"Peppermint"
"83",57.5002049521056,3.75289633099535,1.77459405553901,3.74551547763676,59.0156054037951,"no",2.56752667538235,"HotChili"
"84",60.465806447266,4.65020573272233,2.79466212121505,1.18974385396115,61.6986763456751,"no",3.20794124949012,"HotChili"
"85",75.9076091174783,5.34254197176593,4.63095332863614,1.59375044857216,77.5444160899222,"yes",2.31639225064728,"IrishCream"
"86",51.7755436385233,5.57618283907093,0.0177510878367104,1.8574748376096,64.0079088100885,"yes",2.00352179440604,"IrishCream"
"87",29.4229738118132,3.4787313445601,1.14364101767649,1.25919138016574,48.5275022905611,"yes",5,"Peppermint"
"88",44.978475055442,5.08860502763961,2.16224605540507,1.34635208076414,51.9113664726272,"no",2.08318684849628,"HotChili"
"89",63.9480422429369,5.05107740543399,3.52783834262762,2.18655584731955,66.9322178299277,"no",2.35935878092475,"Plain"
"90",50.5672596872767,4.48987231600398,1.55125242010479,1.70483881114621,59.912545160246,"yes",1.44909335800859,"HotChili"
"91",48.2180703232495,5.02076603601365,1.29008801222889,1.98226364771968,59.7203499892618,"yes",1.723035449308,"HotChili"
"92",59.0601785335222,4.51288705986256,1.62797734535106,1.20695647939884,62.1967745564697,"no",2.86340382186054,"HotChili"
"93",73.9344385814028,4.29632039005269,4.10938240615488,2.7573740050577,62.4644780948192,"no",1.18081542844244,"Peppermint"
"94",72.6280999745976,6.43894920154053,2.61405752558391,2.26764870828712,79.5377272759875,"no",4.54569647944904,"HotChili"
"95",65.4691669803076,3.75842226439417,0.451744804860174,2.1949559889379,68.2636463087557,"yes",1.02592354147893,"HotChili"
"96",41.6664523697722,3.35600670727375,2.65604746158659,2.12395949433808,53.7417648978913,"no",1.46770046435537,"IrishCream"
"97",76.9389643413994,6.60306925253222,0.281434344249906,1.0724608588532,58.3341695785655,"yes",1.03470604529626,"Plain"
"98",54.4133334975123,4.00870136378687,1.59199989974629,1.33274281439966,65.6116510699381,"yes",1.03105736341671,"HotChili"
"99",71.0005177698597,6.422077329983,0.388759957828071,1.60875125950595,67.8360560054102,"no",1.34607973329682,"IrishCream"
"100",37.7455644378627,2.3332415179257,6.53422728077288,2.21530858417542,52.4077693206784,"no",1.63783770246041,"Plain"
"101",34.8638933608651,2.07428574948072,5.08912459260223,3.16685054734634,54.595290219309,"no",1.56847000486088,"Plain"
"102",49.5522559167052,3.77971920965783,4.46593089624507,1.19392710707556,55.915084501611,"yes",1.97305896888864,"HotChili"
"103",63.8217628269241,4.81125991133581,0.191271817861171,1.85958162560185,65.7360521239519,"yes",1.35338192390968,"IrishCream"
"104",71.602483611593,6.29029204086676,1.19657555794794,1.84070324547256,70.9864163575917,"no",1.7027403170855,"Plain"
"105",22.5716391992235,1.83623081990443,3.18619431447173,1.59669194491198,50.1407652731968,"yes",2.48667576524856,"Peppermint"
"106",58.3994178698375,4.65098820037603,6.70196631546767,1.33961380145736,61.8555833475386,"no",1.9375144853896,"Plain"
"107",40.365094434199,4.46533753127118,1.55558982783899,2.77130228583685,51.2252595248632,"no",2.63125475854576,"IrishCream"
"108",54.4788144278788,4.89067750580466,1.05044910855202,2.4878388039474,62.4451671348147,"no",1.91917469428485,"Plain"
"109",60.2261824704619,6.14001886080995,6.80701594399611,1.07869327702176,69.1310504032395,"no",1.27405313937647,"IrishCream"
"110",48.4257065107646,3.99908878746764,3.21976147082796,2.8299705271887,62.9095930075207,"yes",2.6158619418752,"HotChili"
"111",44.8680056507454,2.97963338812681,1.77319015568196,1.4035818610666,60.9025398449181,"yes",1.17814084964449,"HotChili"
"112",19.7087331112209,1.88211830458422,4.34496110377985,1.36053155283196,46.2114000683944,"no",1.50744223420287,"HotChili"
"113",83.3787697436558,6.26037037914812,2.84682449699568,1.6896163243547,77.0632139018913,"yes",1.39232253383113,"Peppermint"
"114",53.388266278703,5.66585212790392,3.0518677450681,2.49565193866128,59.8251992353998,"yes",2.30501712245624,"HotChili"
"115",37.9710566009929,3.66117962704023,6.24536274664961,2.78878605276436,54.8528130339152,"no",2.26370530549723,"HotChili"
"116",49.2404675307998,4.63870729246459,1.23397254334023,2.26544127407147,58.7015019882655,"yes",1.55465716582072,"IrishCream"
"117",38.972577322898,4.88302720300079,4.07657541303575,2.09370460853221,55.8101310257176,"no",1.33907082914767,"HotChili"
"118",70.1814306773958,6.08603277094697,1.86778892098934,1.28273553026653,63.4512279685643,"no",1.56531645949241,"HotChili"
"119",37.9697222245712,3.82108818934406,1.45806375363914,2.26562942997912,58.1781146372586,"yes",1.03083844621091,"Peppermint"
"120",57.2296600702437,4.72970314809993,1.23100248620251,1.66436366551599,70.1828784251103,"yes",2.11507986368261,"IrishCream"
"121",54.243427256751,5.49423686256035,1.58167470333028,1.51420376815385,63.1388632469427,"no",1.84503790402521,"IrishCream"
"122",64.6830766808707,5.97788091965151,0.181241636262649,2.90773465514465,61.0207467853435,"no",2.83224360141944,"Peppermint"
"123",52.1310019311354,3.04041773124031,2.68105016789839,2.24456548142219,65.6297113676788,"yes",2.19248348197942,"Plain"
"124",56.1610108833572,6.10996854436566,2.23904471490678,2.78606836842721,64.3131378689379,"yes",2.05466256273468,"IrishCream"
"125",45.2291744832313,5.35371756233749,0.83955101320168,1.85842977615398,48.0987336455967,"no",2.12027982340351,"Peppermint"
"126",57.0239878135389,5.34858802727137,4.3848197324098,2.44773329542629,60.5551799730703,"no",1.30833975413096,"Peppermint"
"127",64.7799972859696,5.0892816950464,3.06390864902808,2.58566630039312,77.9943501656851,"yes",3.05077680241461,"HotChili"
"128",55.0751292187287,4.71624591964871,5.89644811181972,1.41112211617324,59.4960889744865,"yes",2.04605840819126,"Peppermint"
"129",79.0789593094484,5.67774168852649,0.548290858786415,1.5218359463185,68.8800926640421,"no",1.74919447535039,"Peppermint"
"130",31.5388482589585,2.58585426627819,0.475896148250251,2.31516978348323,59.0461579691512,"no",2.05256009893681,"HotChili"
"131",84.5970717965559,6.7727899404158,2.79684431177916,1.96901923586543,80.3179324962051,"no",1.80938802721079,"HotChili"
"132",43.9608761131631,3.69296233171681,0.31470473844521,1.86234819094973,57.2319052013555,"yes",1.25414412747349,"IrishCream"
"133",83.1865825545402,7.03854415705911,3.162961683495,1.18578479122592,73.9700736473269,"yes",1.17146202506513,"HotChili"
"134",49.5276946980735,5.57580018277048,1.22744848588713,1.46193915078957,55.0930128427648,"no",1.14905796472698,"HotChili"
"135",25.4253185033238,2.75036402240759,2.15835996313232,2.34033547081377,40,"yes",2.30765477618401,"HotChili"
"136",30.4255286891337,2.11061230573032,3.50118780309591,3.5865405003812,55.0189159349592,"no",1.69698252671285,"Peppermint"
"137",59.5943350759112,4.57652173768687,1.03816683348764,1.36757218213482,68.1444792477866,"yes",1.29496610695626,"HotChili"
"138",49.4780231895593,3.5904711523756,3.55813864835707,2.20587612421491,53.2523807478425,"no",1.63898023584213,"IrishCream"
"139",57.4337844199819,3.30392685803199,2.95655645579283,1.30914437709463,62.5873739493727,"yes",1.71872976273854,"Peppermint"
"140",60.9137932797975,5.26063192858071,2.0986464219499,1.45573770850766,62.0768902737302,"no",1.42496721123094,"HotChili"
"141",39.2662060562976,3.69429292496787,0.597710734165142,1.76687486097253,60.4747947856318,"yes",1.26873170153364,"IrishCream"
"142",63.4204478825404,4.86080618669518,2.44022175207058,1.05242057694563,71.2840834567605,"no",1.00226163156538,"IrishCream"
"143",34.4426266815362,4.33772777031805,2.16601754078215,2.34229873037793,47.7558251141601,"yes",1.26313679550078,"Peppermint"
"144",39.3688830022363,4.43102806676556,0.542267981027113,2.21234478374063,46.1277951509251,"yes",1.70512965372173,"Plain"
"145",37.4492791441043,4.51739449950355,0.112837284577278,1.93297732197143,54.0564354909475,"yes",1.07420409601958,"IrishCream"
"146",38.6149018061981,3.38841867940218,3.60675849114635,2.11012491227804,54.1186161121773,"yes",3.33919264924472,"Peppermint"
"147",53.2539355994343,5.35872600176658,0.127404980535129,1.62455114506949,65.0726825327769,"yes",1.08203595779612,"IrishCream"
"148",50.5658244438851,4.33181297390991,5.96894355708393,1.43538497739943,56.4481590608007,"no",1.6312661508558,"Plain"
"149",50.1025484505866,3.23748648715634,1.6198776730634,1.35985296039548,70.5292143012752,"no",3.23360362654519,"HotChili"
"150",47.4586900646089,4.01765105384652,5.6319346974645,1.93747246794961,53.3780363390573,"yes",1.25173258717678,"HotChili"
"151",76.5624246391394,6.362235796189,1.52132957986797,1.13349485984866,73.0207551737513,"yes",1.01492627275886,"IrishCream"
"152",60.5179857520774,5.85406170606255,1.0184187579889,1.58452661923687,65.6457234265326,"yes",3.15350512935614,"IrishCream"
"153",45.2988129478043,5.58756861758493,0.854322983050038,1.51728677066499,66.0551852821857,"no",2.00182898499922,"HotChili"
"154",71.548759235378,5.13840050082239,1.83115848573661,1.94810399985078,64.6265879204336,"yes",2.82866388571545,"HotChili"
"155",43.5235227503416,2.92753397397065,0,1.72930065342107,54.7621435890216,"no",3.25273456281961,"Plain"
"156",25.0297834710487,0.755831221518336,1.78344446105031,2.40830927069451,48.5391614275302,"yes",2.95871312127987,"IrishCream"
"157",46.125655826853,3.10994231165527,0.497710369689438,1.96409558389469,67.794146863114,"yes",1.27148756160552,"Peppermint"
"158",44.7095293263143,3.26028501610789,4.41046091715589,1.42671083956038,45.2565899949154,"yes",2.94856814701191,"Peppermint"
"159",70.8315812491706,5.76654984214628,3.06872857353296,2.63066220967472,65.2435161050469,"no",2.06771242823051,"Peppermint"
"160",45.3156132776632,4.50101007387721,1.22333088144047,2.48797637735249,57.7593549627106,"yes",2.09446345058412,"Peppermint"
"161",67.7806025743552,6.25010060249551,4.5168962113751,1.66649730233726,70.0894937539161,"yes",1.71456105221347,"Plain"
"162",76.528652120067,5.58384640247369,3.22802085157679,1.32310345647469,68.5928946861802,"no",1.36227145636656,"IrishCream"
"163",32.9803065099426,2.57383197567964,4.21233798357967,1.37678335769566,55.3821853954295,"no",2.18066136239849,"Peppermint"
"164",69.351187869276,4.98570757322818,3.18091904844061,1.84304592724103,59.3436697470181,"yes",1.6279761953555,"HotChili"
"165",35.3547143831702,3.86409436049205,1.32069677793508,1.82748479968525,45.8844216097201,"yes",1.05246372894433,"HotChili"
"166",49.2977502813675,4.35021617093178,3.0938182044246,2.57579998815655,58.333187104985,"yes",1.60233793768288,"Plain"
"167",36.5633582583445,3.72526012642778,1.87737711455924,1.23116913755433,49.6725609198852,"yes",2.5860741636608,"Peppermint"
"168",65.470432390067,4.08725254896029,1.01909488397341,1.93261940887195,64.1353319166673,"no",1.01211623449749,"HotChili"
"169",29.852076216666,3.12413375405286,0.802699414778474,1.91264397236487,47.1417274574907,"no",2.25523788330519,"IrishCream"
"170",68.7795744318264,5.82910494473037,2.71881651176435,1.94737603977663,62.4682381143293,"no",2.59661216211597,"HotChili"
"171",52.8871834512264,4.87924595450654,1.28834176201653,1.70487356026136,48.1375604295341,"yes",1.07226228286994,"IrishCream"
"172",51.7363719988001,4.21849542402438,1.21097168030758,1.906702441371,56.1389962232534,"no",1.97291215279847,"Plain"
"173",27.1929653869177,3.50911229711096,0.96168195447568,2.6530847173297,51.0677873925182,"yes",1.70027470859835,"Plain"
"174",38.5103837845117,2.46535007639803,1.78612927817981,1.13789513841496,51.9223573000352,"no",1.0814735124802,"Plain"
"175",47.8661730807655,4.26588130731545,1.79106739478369,2.45180853998029,63.3226651256561,"yes",1.10752083442133,"HotChili"
"176",70.406291512561,6.90541151766436,3.77977358978407,2.0418487490122,72.8505826661999,"no",1.54039434853886,"Peppermint"
"177",28.9853856086339,0.507737455923451,2.50173137116455,1.72461142129875,51.3285854725861,"no",1.62160781444117,"Plain"
"178",36.7617537844121,2.74004543897285,0.245554029230194,2.7193367083992,52.5654193244608,"no",1.49662630165939,"IrishCream"
"179",26.3571193953898,2.62860452879455,2.56854854304206,2.27456360074088,47.238471268285,"yes",2.78661678461922,"IrishCream"
"180",44.9302030706797,3.23962576335773,1.3066438268184,1.59116184134191,49.0977511417132,"no",4.74258635883818,"Plain"
"181",80.640534090782,6.42238533245326,8.80295765037489,1.98380107206065,75.7650683389843,"yes",1.03516649109246,"IrishCream"
"182",72.1794436453578,5.71882046621783,1.29078491154218,1.03675460734195,65.029796671623,"no",2.92290840379365,"HotChili"
"183",65.3336012390713,3.966174247182,1.29830950045054,1.62330333644913,78.9620317279187,"yes",1.88834580044371,"IrishCream"
"184",80.0699646675935,7.45519548171465,0.591395204368309,2.03712503285757,66.2679828020157,"yes",1.67330052272983,"IrishCream"
"185",80.0574150913291,7.90817142915925,4.84521336771249,2.35045491239604,71.9146179404387,"no",2.32010801772811,"HotChili"
"186",45.8780541748298,2.12123278309029,0.219582226560762,1.98459997537107,52.9552228558867,"no",1.2456810252961,"Peppermint"
"187",34.368491717643,3.79017298859258,0.102194834974071,2.7265153512187,56.4533734317404,"yes",2.50936992529225,"Peppermint"
"188",44.5212947957742,3.18748487683402,0.0627609969841547,1.0755792360186,66.7524897453552,"no",2.4742466056325,"HotChili"
"189",41.3422207128285,3.97485232473553,0.391887535255858,2.7036082034361,55.7555951238708,"yes",1.23725684445389,"IrishCream"
"190",51.9271665153789,5.91483809261593,1.51918957878974,3.64038396275654,57.460392926336,"no",3.08492820873075,"HotChili"
"191",53.3498967624595,4.45000230708451,5.40938973280197,1.82472335894382,53.9385136161928,"yes",2.06577805642621,"Plain"
"192",86.075946010996,8,0.84629018023075,3.52461429526216,74.7344577039566,"no",2.25944426394365,"HotChili"
"193",36.5460147989074,3.13784097188807,0.753695763918431,1.95289311374347,66.2110430671003,"yes",2.15608798546865,"HotChili"
"194",70.5949739917984,6.11014571980163,3.99568155476735,1.8526026856621,74.3507233195724,"no",2.25821188811963,"HotChili"
"195",64.8024642974458,4.87469251379299,4.4682975424115,1.0059687595796,70.908572094341,"yes",1.12593305123709,"HotChili"
"196",38.0914832194205,3.95894328329888,3.76337506154888,1.98424177323223,56.9559803984802,"no",1.79850651168593,"Peppermint"
"197",44.6404707910099,3.32251733502099,2.59586091682411,2.02054122897491,63.0514832227707,"yes",2.69029864001495,"HotChili"
"198",62.0266788490828,5.10434007488544,0.465767823239415,1.67141933640191,70.2337705715921,"no",1.67667143944935,"IrishCream"
"199",44.3588837035617,4.56225080708912,3.15517221259387,1.921415632573,59.1112190112303,"yes",1.25744602761491,"Plain"
"200",48.6020078990007,3.92699877067485,0.203750922405545,1.92624206903914,62.0387601166533,"yes",2.58420744929131,"Peppermint"
"201",68.686981708339,5.73253966592378,2.07525973973307,1.79620714522972,71.3523535068665,"no",1.0065282813263,"IrishCream"
"202",74.8933062062748,7.15133271178704,0.134202470686717,1.23993930724083,71.5840068259138,"yes",1.72306668945172,"HotChili"
"203",36.7961540132982,3.32766638063859,1.03118109577201,1.88896179412864,59.2883315271184,"no",1.18881532776418,"IrishCream"
"204",76.5482996459523,6.91657663576294,0.742246177901072,1.88255495480637,68.5202512045546,"yes",1.47432864390558,"IrishCream"
"205",53.0679564306302,4.43007793140221,2.29704883716987,1.74304650649961,54.068559025585,"yes",1.77300831606658,"HotChili"
"206",58.43214357382,5.62392908855578,1.75517596409633,2.3658208388233,57.570755958351,"yes",2.23177508359054,"HotChili"
"207",44.4985104117986,3.77730272829979,0.74338643586937,1.33892505571706,57.0089214840589,"no",2.45932999791249,"Plain"
"208",68.1255668542732,4.87397973699958,5.54425228963295,1.97583958245162,65.4496297271103,"yes",1.78634262668684,"Plain"
"209",73.1135025175904,4.8527922280164,3.15586453813027,1.2507051493332,77.5968536960435,"no",1.37906972901887,"HotChili"
"210",44.9297336639291,4.66367161829422,1.11891248802385,1.11015505468619,62.7824900381049,"yes",2.58248941193078,"Plain"
"211",57.2720337952085,5.72896507255345,0.167683634796885,1.75327982344739,63.4489218440024,"yes",1.55697832467672,"Peppermint"
"212",39.6794507899071,2.98545643653805,0.299931504432893,1.08245163971965,56.1826162886802,"yes",1.67718158901614,"Plain"
"213",65.1323792995486,4.19686609045283,1.6322660425316,2.66835371958793,66.270849002556,"no",1.5715334964335,"HotChili"
"214",55.4220154790805,3.52703048554571,4.78577091669133,3.04086001943493,63.6518883460212,"yes",1.95883180686156,"IrishCream"
"215",85.9214398541264,7.20905981326399,2.18531248876604,1.23082266487323,69.6256834313508,"no",2.35167861519999,"HotChili"
"216",35.3493974299052,2.02156970090498,0.53328306160616,1.0669925081486,52.594159386964,"yes",1.59247103903763,"Plain"
"217",44.3180448823082,1.94924686399966,0.156701651574429,1.80277422701019,63.8159416825012,"yes",1.01181461271203,"IrishCream"
"218",29.2008026060592,1.59137897201999,2.14073685967169,2.65826466725456,59.3820356398213,"no",1.44820637777554,"HotChili"
"219",48.5274359964205,4.47810808968177,1.34551803492633,2.45814029685996,55.9804194092899,"no",2.21142402674398,"IrishCream"
"220",62.7147262317638,4.66088582108234,0.198596981686621,2.15114177525641,61.1804676956533,"yes",1.44206858106774,"Plain"
"221",41.018945755034,3.641409040072,5.81132228528607,2.34184838253567,46.1243131593736,"yes",1.31074969739155,"Peppermint"
"222",46.9383838639818,3.69354931234564,1.77843085935642,1.50271554148294,54.9846175527239,"no",1.06029612870357,"Peppermint"
"223",45.2230085008535,3.09692569984651,7.22094709654307,1.55805337517372,65.1641990273359,"yes",1.27500168510842,"HotChili"
"224",45.4344663034733,2.79868667514495,4.36741837799502,1.0713034797598,59.5972096661994,"no",1.08248161664423,"Plain"
"225",57.0423778004931,5.20413767084461,0.256691705713793,1.07713841509827,58.2495052617528,"no",1.74106489318996,"Plain"
"226",72.0891773645073,5.87364820954011,1.33622914127629,2.11882823684461,69.7914353599699,"no",2.3254655005671,"IrishCream"
"227",49.4056789899563,2.97482567293104,1.28552643192308,1.06842342922616,65.8635957317714,"yes",1.11047403465637,"IrishCream"
"228",65.0891420133574,6.52714671970917,2.77948502436106,2.2440724718482,72.4660374128206,"no",2.03239836601158,"Peppermint"
"229",47.6890973748182,4.56980962821293,0.661921817212535,1.35955289059544,53.2651810014244,"no",2.02193210846453,"Peppermint"
"230",29.6015482455245,2.35213631666204,1.28865140361344,1.26140366295815,49.1752965097503,"no",1.45890513542129,"HotChili"
"231",60.7100447427601,4.4047946981681,0.256694724218255,1.62870771412942,63.7311949838092,"no",1.69848802341949,"HotChili"
"232",72.6960205017404,5.7293670233403,1.62890984711741,2.43168760919827,69.8648797380183,"no",1.59551426681233,"IrishCream"
"233",61.7405292276545,4.34657129223462,2.35425540322824,1.09552718408947,71.0976932506346,"yes",1.15495980024811,"HotChili"
"234",75.3504947902045,6.92443141278943,2.06231225451355,1.4313255210226,81.8690776165881,"yes",2.29526613876059,"HotChili"
"235",65.3999379632919,6.47444233345778,6.21027765527823,1.86231585722101,66.6341280498773,"no",2.26065368688418,"HotChili"
"236",64.3227253767745,5.77833835986279,1.11224724527201,2.85214434594866,68.080283238608,"no",1.26573092386216,"IrishCream"
"237",46.5116483293974,3.1894582821824,3.31922312427236,2.69661726733238,61.3147627398698,"yes",1.43906141512584,"Peppermint"
"238",64.8055875720261,4.59846214388946,3.20739409013305,2.09237831519104,64.8611214963016,"yes",1.13554218191559,"IrishCream"
"239",49.4991650268398,4.51683280052541,2.79749516770468,1.68964036880739,65.1269671768138,"no",1.67100243218851,"HotChili"
"240",59.1606457184058,7.07372146068947,1.43918406531372,2.08458990127106,59.2805324580048,"yes",1.38554446683371,"IrishCream"
"241",55.7471035377445,4.48968133158239,1.10870506153577,1.61412727013193,64.7353340829803,"no",1.63611013543335,"HotChili"
"242",60.816461217334,6.47167648913014,5.14789989539377,2.01024539434767,62.7439499192439,"yes",2.64510238215287,"IrishCream"
"243",73.8558783997406,6.87447646443577,3.84020410837008,1.2290221973807,69.8754226492966,"yes",1.86550841088196,"Plain"
"244",59.1462136861406,5.70901630289108,0.67131618690827,1.16942179731901,59.6200379395943,"no",1.45909063552878,"Plain"
"245",58.177059173039,4.88964274938353,2.98134438670122,2.34092187885312,66.9894778039335,"yes",1.4327838657302,"IrishCream"
"246",61.2495095508402,4.96769341260569,5.5036880492516,2.11758415856757,67.5353525874524,"yes",1.16102000277596,"HotChili"
"247",57.6806968752248,4.22054618940478,0.613129389884253,1.39051859595637,55.4167921729908,"no",1.41377897346884,"IrishCream"
"248",67.9122461055165,5.20964870418749,3.73379957906184,1.75971528033097,59.073646433175,"no",1.85229346355143,"IrishCream"
"249",62.4053025393893,4.69367657563712,6.30939734702377,1.11364831137039,63.5619794647768,"no",2.30119651883899,"Peppermint"
"250",39.1783739602226,3.98577696100767,2.79096883461175,2.8293002418721,56.4275953974385,"yes",2.12176099010861,"IrishCream"
"251",82.6276816164729,7.5124794547037,0.243307556607043,1.11797153339581,71.3698455968626,"no",2.05161118662129,"HotChili"
"252",80.5858701155096,6.4333840219623,2.89185357612604,2.45304272088239,73.6538389973954,"yes",3.20097878296716,"IrishCream"
"253",21.6881241790042,2.61449448672367,1.13731187186142,1.6209982106327,44.2371143735164,"no",2.90549998225529,"Plain"
"254",67.6974825102535,4.94770576021509,1.36086423490176,1.54234037768943,68.3386150503436,"yes",2.58590656279688,"Peppermint"
"255",44.3289884405195,4.61214876510107,7.41145122718911,1.86004425979766,61.8766051556627,"yes",2.37961103586001,"Plain"
"256",48.7563851487877,5.08940153952337,2.31884686727574,1.05257735533943,63.7065793153434,"yes",4.90214586736842,"Peppermint"
"257",38.7111770714974,4.03739424287828,0.231218048828116,1.9704936999983,54.4761509313798,"no",2.86795595284003,"HotChili"
"258",52.4622293390192,5.10434315818832,2.16476823749325,1.27530265871374,69.4180067959288,"no",2.13017941285904,"IrishCream"
"259",54.5746027571485,3.11939923791533,2.44796279682296,1.15997420746451,55.0668142786674,"no",1.8516724632393,"IrishCream"
"260",83.6097909474542,6.75059443413664,2.49606811928906,2.16376825029549,73.58786905624,"yes",1.92936091028323,"HotChili"
"261",57.7006801570798,5.07747038845403,1.18218322547118,2.08400889831499,69.5637922926396,"no",1.61216823787688,"HotChili"
"262",38.919786234961,3.9417826414143,2.32527132220857,1.54590515772496,56.0997875904525,"no",3.04321429087998,"HotChili"
"263",51.3924425036605,3.15246857761917,0.746628986383025,3.15756346319754,64.2420896174912,"no",1.21686309474447,"HotChili"
"264",52.8172435338641,4.11351706517708,2.36379319471492,1.53360654430588,56.6409981953494,"no",2.40985235641526,"HotChili"
"265",27.602839318536,2.33238544291662,0.244125299074752,1.86777721191781,40.6240053194351,"yes",1.03907018778621,"HotChili"
"266",65.1836263137168,5.98958690024003,2.31717587723207,1.02354739450142,65.4280073900027,"no",4.24526163305682,"Plain"
"267",48.5645133294882,4.71947944211108,0.69193615281188,1.76472405475983,55.8860032055622,"yes",1.78858352677306,"IrishCream"
"268",55.9077397602329,4.2875047643935,1.0053359119198,1.10267862418199,63.411732636229,"no",1.41278812011432,"IrishCream"
"269",50.1606502456058,5.18032905948515,0.749879301491179,2.51865075531316,52.2811846807292,"no",1.42202094706229,"HotChili"
"270",29.7015622396993,2.48952031352985,5.68543792213785,1.09840294715934,47.4066802535057,"yes",1.38743897042673,"IrishCream"
"271",32.1908250780151,2.86823174477965,4.44831760772435,2.31266360639031,57.2162044769441,"yes",1.3318877759351,"IrishCream"
"272",49.6433126524591,3.64392294415071,1.20594018983072,2.35673862796347,59.6996337795793,"yes",1.93706532563068,"Peppermint"
"273",44.400639082515,3.69715144853384,0.982002063961709,1.75908387780928,55.7614967520418,"no",1.68285202910442,"Plain"
"274",67.1092046287802,4.75325052597791,1.6264102707307,2.22925288964059,68.9669273410475,"no",2.44004064474606,"Peppermint"
"275",61.9789153135603,5.80287034479396,3.5741427612094,1.11588879493125,63.345488034964,"no",1.06921103299274,"IrishCream"
"276",54.5162544678587,4.39700386265476,4.81884383044609,1.36768430732855,58.985288197452,"no",1.0138455070407,"IrishCream"
"277",54.578118607795,5.38742159447424,5.54547753128178,1.24664855401945,57.9737219597695,"yes",1.43216788513993,"IrishCream"
"278",65.8281024812817,5.16979712154859,2.02965084499401,1.05739087620192,63.8998117888506,"no",3.33061436616205,"HotChili"
"279",47.6241739155686,3.14795789568988,1.92458715284932,3.66302391245577,63.5732337075759,"yes",2.80602870997355,"IrishCream"
"280",45.842728881568,3.6187581861006,1.6775139863868,2.31052727628945,51.9104200369613,"no",3.02970786917036,"IrishCream"
"281",41.0857792271061,4.26236799936047,4.39174417958439,1.30652408499511,55.2843715201042,"no",2.59778987537474,"HotChili"
"282",58.3635591817211,5.35176743306595,1.35595825827643,2.06974551072513,54.9922300931378,"no",1.10198996878593,"Peppermint"
"283",41.3709520108127,3.85075894577014,3.04494031235495,2.7721705710672,59.8144528526188,"no",1.36394393728881,"HotChili"
"284",54.1623456977092,5.29454182322533,0.25227836284973,1.12432478358598,58.8345236879813,"no",1.47893674668131,"HotChili"
"285",50.8192863570734,5.23692414778183,0.0314295324496325,1.03799322711049,50.9070855505664,"no",2.0302484151382,"HotChili"
"286",52.1529621351539,4.23754458334984,4.39666985707298,1.14301751462526,59.1030415086778,"no",2.21397041931191,"Plain"
"287",57.9000466258847,4.66281663582633,2.57993445038974,1.47166988287631,60.2794866530453,"no",1.27851340991826,"Peppermint"
"288",45.5893212574943,3.48596558751505,1.00771759180082,2.63851427277215,64.6437518541749,"no",3.2271917282603,"Plain"
"289",39.8214510290551,3.87978672856696,5.07901592197092,1.59947221235206,55.5329803711303,"yes",1.85137632558747,"HotChili"
"290",61.8536310441123,4.50746063353506,3.7741044481411,1.52702364070985,63.6515015524298,"no",2.2921355095344,"IrishCream"
"291",49.8222209825646,4.20422121814507,0.301761087762258,1.15804800241091,64.4260837396015,"yes",1.09208220022152,"IrishCream"
"292",46.1006420744975,4.13284662622345,4.29542126149611,1.26155593668591,54.4751471715297,"yes",2.0212026813598,"IrishCream"
"293",59.2225676784653,4.55843012632186,0.674408855393241,1.15385829041362,64.9608952056056,"no",2.26421706899765,"IrishCream"
"294",75.5354896389711,5.50772728449736,1.16375680181642,1.43555129558071,78.3060787318132,"yes",1.68659305008951,"HotChili"
"295",54.2537989865464,4.69060180790794,2.74049019798339,1.15918009554723,63.2792877853073,"yes",1.27986025290759,"IrishCream"
"296",44.278339632969,4.2540750312538,1.28752985372449,2.16330893891562,62.2956100644557,"yes",1.59336991001277,"HotChili"
"297",64.5731676992343,5.26113168799537,1.13706040473838,3.95893186455548,74.1812819480525,"yes",1.70520198911392,"Peppermint"
"298",65.5305804143066,4.46670241952492,6.6007174284598,2.08346845452095,80.4949368583658,"yes",2.72055920614147,"HotChili"
"299",65.1888345649188,6.04231631667327,4.60219864464446,1.06754743015312,70.1604989083578,"no",1.55687078593816,"HotChili"
"300",70.377880620532,3.6236819955392,4.59562556038793,2.65883677930591,71.5452066144988,"no",2.36092415535331,"IrishCream"
"301",49.7979518812784,4.32916999884486,2.07778305929215,1.52353573726675,53.3788090412377,"yes",2.23089599510124,"IrishCream"
"302",53.2155318346092,3.95240687056926,1.16793966110367,1.79459550939018,58.621118633011,"yes",2.93459795878515,"HotChili"
"303",49.2770918084125,5.83598644288531,2.25384271163673,1.55446875325172,57.3493044086429,"no",2.96840421264012,"Plain"
"304",47.7612827980052,4.71172365464092,4.49632401374659,1.75097445871966,53.9493153834768,"yes",2.4201512279955,"HotChili"
"305",41.3595216651237,4.21993440579297,4.85886490895682,2.46062607712936,47.1971423933103,"yes",2.04373536448412,"HotChili"
"306",85.2893089336303,5.45327173939124,0.733542329601945,1.87348980495163,90,"yes",1.27814997697537,"IrishCream"
"307",76.5207709891584,5.85578005546767,0.230505316302051,1.46007966372265,61.9526371813309,"no",1.82708753902229,"Peppermint"
"308",55.087252447215,3.86652161852974,5.55072136188474,1.09082043579504,64.5676695335929,"yes",1.43918924305156,"Peppermint"
"309",43.3821894384108,3.50000537233666,0.440325975088239,1.48199666733837,54.6805149913746,"yes",2.034111629901,"IrishCream"
"310",60.1184029311738,5.00193900477137,4.77155575470643,1.86387695746086,67.8204244211843,"yes",1.54217024534045,"Peppermint"
"311",45.1497989617401,4.51803242933346,1.20132414562057,1.2130521041827,60.2325471862919,"no",2.63219179409776,"IrishCream"
"312",83.6174295637682,6.90645708744603,1.49612521178862,1.40019899442085,71.3277419522463,"yes",1.94453472919382,"Peppermint"
"313",41.9085162837938,3.51095791633561,3.41708202675273,1.23536015309693,59.9093244614502,"yes",1.87879738623996,"IrishCream"
"314",45.48105026565,3.85199521141979,5.62353447150382,1.21554677180646,53.6406088109264,"yes",2.38319593807026,"HotChili"
"315",40.1999710516571,2.5518690322498,2.5103042646937,1.67866794935834,57.9213397834786,"yes",1.63740280400835,"Plain"
"316",73.2300468282633,5.85382710518557,0.0627987359728298,1.38099501191767,72.458130476537,"yes",2.39608823809032,"IrishCream"
"317",35.1678728151944,2.0158725677182,0.501884096659061,1.25745025182416,48.4769176995465,"yes",1.12751847987726,"IrishCream"
"318",44.8228000551975,4.65123641980515,0.925470211999623,2.21110915818308,55.8501104502643,"yes",1.10318897069861,"HotChili"
"319",61.4139762199544,5.5144322200936,3.92426219630153,1.13739491140616,69.5174976690626,"no",1.17961539511677,"Peppermint"
"320",62.7264684573269,5.40683294736831,1.76350659692494,1.05479515554461,60.0218190742034,"no",2.37344179793258,"Plain"
"321",52.0846219934194,4.57079830023903,1.06012588523933,1.80685309360255,62.7413428197132,"yes",1.01254833069921,"Plain"
"322",33.0231989354922,3.96411581869891,0.571919164802585,2.54856190327179,44.0524825889809,"yes",1.63463506126288,"HotChili"
"323",54.8166224646968,3.41278529755329,1.61544651505482,1.42537149160861,57.4149748268825,"no",1.09303379119384,"IrishCream"
"324",62.7173660141914,6.10548584193226,1.19229359320095,2.20792121009794,62.5610168440983,"yes",2.41919470986599,"Peppermint"
"325",48.2173789536568,4.78665375394691,2.78099346502044,1.45891978174652,59.6159166807225,"no",1.46156763196413,"HotChili"
"326",83.5526363355543,7.19643989849185,4.16525739720233,1.68027401938104,76.9240304964934,"no",2.28168533768507,"IrishCream"
"327",59.5561081404209,5.0431547256422,1.05825331314921,1.77350241185452,69.004810938859,"yes",1.92646043802796,"Plain"
"328",30.0638412319601,3.5887543255676,2.60694006213051,1.34377779598114,54.4303303875238,"no",1.11932517068664,"Plain"
"329",44.111291639276,5.06575671506092,0.588793075825707,1.2792458993242,63.983659259616,"no",1.20602912127054,"Plain"
"330",45.6919968714366,4.22731500252302,1.49862840801438,1.5718971006236,53.0064966498723,"no",1.22003604206068,"IrishCream"
"331",45.8452740807759,3.61951236559091,3.80260430906071,1.77043245487933,53.2433109528579,"no",1.89233354808926,"Peppermint"
"332",31.234686359354,3.13397275144447,5.2722994228375,1.02010629098381,56.8534249319322,"no",2.13179896260944,"Plain"
"333",48.2164736145028,4.57276029264003,4.10007108029635,2.98736118164297,63.1880721378804,"yes",1.3058130102833,"HotChili"
"334",37.4506162281873,2.61082533885107,1.1623143764655,1.29455769420713,51.3608184046972,"yes",1,"Peppermint"
"335",53.0548924897521,3.60229603754291,4.08931264318611,1.09120633683936,57.0483232677151,"yes",1.37498561505378,"Plain"
"336",54.6267572902724,4.11254724206784,4.25048612977312,1.62837558018541,66.9977751341713,"yes",1.10872968420472,"Peppermint"
"337",49.5522450267374,4.91560341304225,1.57966057228741,1.15249610754192,66.309304303456,"no",3.4043187934711,"Peppermint"
"338",51.9005975327089,3.10783516985855,3.51116260803774,3.24158138215334,62.111550239203,"no",1.5276285015855,"HotChili"
"339",41.1183336398377,2.82972830398363,0.264863965635063,1.3502414331125,62.598696726919,"yes",2.38651122399475,"HotChili"
"340",90.3173478035556,7.1094553513544,6.40687537746988,1.19487690041846,77.8364120166183,"no",2.36834966572905,"IrishCream"
"341",42.3874289107922,2.97651610907397,2.66289738775855,2.68931516843592,53.7587655840998,"yes",2.94094157385409,"HotChili"
"342",43.5447981748623,4.1013370488402,1.99924467870398,1.12669024677371,62.3544010967952,"no",1.41837296109169,"IrishCream"
"343",49.2595015370688,4.80607764253399,4.910727220417,1.01263005048804,58.6667216737321,"yes",3.75631641275824,"Peppermint"
"344",60.2378615760741,5.01415669436307,5.87408539316273,1.53174435595805,63.9532998723798,"no",1.55547091404917,"HotChili"
"345",60.7434570602953,4.6913821180291,0.294805844700685,3.35998833478853,65.4427088023249,"no",1.87553281682846,"IrishCream"
"346",53.1155863434864,4.56837590026693,2.57441617117725,1.30077974874536,64.049232797408,"no",1.38955217449744,"HotChili"
"347",52.9906260450899,3.97573535124432,0.150942364870189,2.1076735870406,68.5923964760784,"yes",1.1002839817898,"IrishCream"
"348",52.1623689196592,4.02040119965433,4.19174471873333,1.33689264524078,55.0420886007393,"yes",2.01531455406741,"HotChili"
"349",38.4261179928241,4.59489138990707,1.01325886370453,1.46352103397275,52.3364760971656,"no",3.27556100282362,"HotChili"
"350",55.0281572828146,3.79619278401471,4.73954462051302,1.00917289829963,65.3750280280547,"no",1.10561406737119,"Plain"
"351",37.8058433215258,3.35920413227315,7.49339260661214,1.79372098504987,55.1891963387498,"yes",1.43729352837288,"HotChili"
"352",52.7223447478768,4.29438973633868,2.5431837080013,1.94556047574014,62.1917466925031,"no",3.75158746949132,"HotChili"
"353",63.2491759411224,6.62832917479273,0.0424118783059533,2.07893267593533,64.0133518836346,"yes",1.05347749346057,"HotChili"
"354",75.7207556963397,6.06709735857517,4.01942322360718,1.90335426466122,76.6818056579101,"yes",3.69293542014644,"IrishCream"
"355",67.8118772825418,5.20966057429182,0.760393108772286,1.02222802191097,78.0182894604414,"yes",2.57284277598462,"HotChili"
"356",56.4168267348006,5.24475370969718,2.90240908031035,3.30613023548943,70.494402135452,"no",3.33059300419417,"HotChili"
"357",9.71238105436951,1.28332094400411,0.166253324869656,1.10084260953255,41.0822260512645,"yes",1.74350831666897,"HotChili"
"358",23.7457172068172,3.01307946884385,1.44345813433882,1.20774356034378,45.0221725667957,"yes",3.24319118060174,"HotChili"
"359",34.0891679439559,2.07980179375809,1.76688574002799,1.46609713946501,50.6903859965383,"yes",2.56494015835489,"Peppermint"
"360",76.4135269010085,5.75758338255204,0.976400600941965,2.44759347763135,72.4604320497674,"no",1.45902737088418,"IrishCream"
"361",59.0000403018901,4.91749976408446,3.79162354433865,2.08430852071585,75.869134273613,"yes",1.46790228955975,"IrishCream"
"362",84.2508437119614,7.28030067180953,1.60986042307002,1.99579108146585,75.7025071378667,"yes",1.28170766372882,"Peppermint"
"363",64.0563469373064,5.99055084370816,1.25662331830894,1.4229941685444,70.1938549596481,"yes",1.50869863277974,"HotChili"
"364",35.8498836701036,2.01224104394939,3.45138027607627,1.70629670083878,61.0137893057664,"yes",1.75572440014841,"IrishCream"
"365",53.9070058918094,4.711671370981,2.39460618676592,2.30516245741199,60.0357146356037,"no",1.728203548007,"Peppermint"
"366",52.539614233951,5.60023609863816,0.910218927132926,1.56761120485313,67.6122364779162,"yes",1.56991819725639,"HotChili"
"367",34.4535103281814,3.71185836283995,0.995675130403395,1.26022187912111,40.9276871734401,"yes",1.7475959125805,"HotChili"
"368",63.3584334260542,5.97693817955192,0.317819731892687,1.33390766006746,70.5540202356194,"yes",1.11484611209836,"HotChili"
"369",56.1278418158095,4.10601989599137,1.36982117494601,2.17103837469701,51.7629812507217,"yes",1.04739754129082,"HotChili"
"370",71.4914896503607,6.21969886540996,3.24450263523815,1.59673919837228,66.0842720282537,"no",2.04444066388918,"IrishCream"
"371",65.0062621285316,4.79663728046206,2.38232275842762,3.58447084727457,78.8524816635823,"yes",2.21101753376036,"IrishCream"
"372",89.5312436112807,6.79118264004568,0.649621578645901,1.1805482946506,82.7071430518705,"yes",2.34312925875895,"Peppermint"
"373",65.375059515151,6.28978969029196,3.73188047614302,1.94259949391888,73.5674368017735,"no",1.59344086927457,"IrishCream"
"374",45.1240721785742,4.6564813082829,2.80453094704471,2.2247127833085,44.8442236692823,"no",1.54322598449903,"IrishCream"
"375",55.0645519579851,4.93433610279766,0.947586634935024,1.30980882805452,61.0084504379318,"no",1.87374793404883,"IrishCream"
"376",62.9042521326943,4.82887450796634,0.00585315390552949,1.91649771565387,71.0409835412478,"no",3.11820923562493,"HotChili"
"377",42.0548191413518,2.10908484188258,4.74028788065555,1.15001390388786,55.7968257224575,"no",1.40579036772373,"Plain"
"378",55.6644407283878,4.81042550203407,0.885324240002558,1.15840397507156,65.1574133065607,"yes",2.82957994722755,"IrishCream"
"379",41.5159147935236,2.26842604642823,0.0648791145405915,2.05593889127435,54.9023832867505,"no",2.58607576589963,"HotChili"
"380",38.7549478633198,4.66910409238438,0.956686983080964,1.64424896401148,50.1138476998279,"yes",1.9044409902801,"IrishCream"
"381",65.1610259071572,4.73902143466941,0.181749647701159,1.31210964386438,75.358066226898,"no",2.15154643646963,"IrishCream"
"382",47.2768448778049,5.35660545322259,3.81582871100804,1.97415690529745,60.0299295478818,"no",1.9165064493791,"Peppermint"
"383",50.9851475369121,4.8169989025615,2.09965353006588,2.50727022718616,62.8751563535056,"yes",4.24668975895193,"Peppermint"
"384",74.1808545715447,6.53538765602298,1.98184513285109,1.40669377559314,66.9347457098058,"yes",1.1918470460228,"IrishCream"
"385",56.5481470978848,4.47339632212977,3.8473287981381,1.05146136922885,74.4824146540798,"yes",2.48139976149537,"IrishCream"
"386",47.1925893521,3.48995834863736,1.42519814819832,1.1850838185288,58.2071632347984,"yes",1.19293919057174,"HotChili"
"387",43.3813596315088,5.53114006400625,0.76351230336409,2.16530263535891,48.4756865325914,"yes",1.94120399212369,"Plain"
"388",30.5476884962081,4.42584979885456,0.334068128134728,1.40415357347694,45.0516315239938,"yes",2.18609853813768,"IrishCream"
"389",62.5596294550457,6.31564300760605,2.1952217070942,1.86507394901814,63.4162931537107,"no",2.23715394542902,"Peppermint"
"390",46.0241914341524,3.83046785329359,1.0449605658794,1.19104291055208,62.2892210874463,"yes",2.52864630943247,"Peppermint"
"391",56.0600578217093,5.57030160064539,3.51924371383644,1.63563233554119,70.3792622196137,"no",1.33480695812816,"Peppermint"
"392",71.2547139200984,5.63742036954036,4.85380455710523,3.40345495226021,74.3668187662101,"yes",3.05595585917568,"HotChili"
"393",56.0718405645958,4.42718743717799,3.61158945145096,1.009820713482,54.0703121957852,"yes",2.0814800930381,"IrishCream"
"394",66.0169007543625,5.91087114728985,2.23853405578383,1.24702611236195,63.286990743996,"no",2.55047874605962,"Peppermint"
"395",52.7003818424468,5.06934978060692,1.12572153598542,2.41322571728546,62.1441080654587,"yes",2.28297904585149,"Plain"
"396",42.9493924096527,4.55476635604778,0.535845308810672,1.70445525940058,51.9900715415219,"no",1.82588622526081,"IrishCream"
"397",57.3882154942072,5.61118486235885,3.36678540966317,2.40478857007855,59.0145123850888,"yes",1.41356932895684,"HotChili"
"398",58.3704523554948,5.84609111099488,2.52813306091025,2.48712367224285,61.8470223911857,"no",2.14811874337006,"IrishCream"
"399",36.8742596806614,3.29743584731693,0.801812258949439,2.03529116858397,54.7253576066548,"no",1.2663982126192,"Plain"
"400",40.9353793516034,3.6110441588396,4.34347597499546,1.22463536398986,56.7063732479146,"no",1.10131235837573,"HotChili"
"401",78.3443868027359,6.51344698162836,4.92305707546593,1.10251463867491,77.2548981974003,"no",1.0705266220465,"IrishCream"
"402",37.1864887270256,3.18527841840827,4.39902438028607,2.26891870338802,51.9380924248663,"no",1.99218041457685,"HotChili"
"403",43.1640097356805,2.99333188570901,1.71256867591606,1.8292407810892,58.0416833990076,"yes",2.97977218220913,"Plain"
"404",83.8393889782581,6.46842949886474,0.115746789811124,1.44326249827976,70.6242126410218,"no",1.9305761131102,"IrishCream"
"405",84.4325584740786,7.03560473186092,0.942660201565887,1.53857175589694,76.7377087637949,"yes",1.21640260724137,"IrishCream"
"406",42.284753549023,5.11774483998098,1.83707054878409,1.31596601746334,51.3948913306321,"yes",2.05429868322675,"IrishCream"
"407",50.2278084354207,5.91348455026584,4.26220476031666,1.51679080700035,60.6766953094441,"no",2.31418888039647,"IrishCream"
"408",82.2443673210862,7.04142161599257,0.85483747694456,3.2888759967007,70.6005277205652,"yes",1.02028914984151,"IrishCream"
"409",41.080632028642,2.67772299930369,1.38699258395173,1.71958014551725,50.0692288729382,"yes",1.28629519753798,"IrishCream"
"410",62.5950266743421,5.8679949116735,3.97150158787807,3.61144233114197,64.3694549385205,"yes",2.24882227161354,"HotChili"
"411",82.1751151106068,6.16367115016002,2.72888622862511,1.19128400117854,79.9056574488795,"yes",1.64952269215907,"Plain"
"412",60.4930418319303,5.51630788301386,4.6945499647062,2.07727773929978,74.1834429275792,"no",4.35672766676516,"IrishCream"
"413",49.0921898132595,4.38379296687942,3.64974688127358,2.75339203729336,62.9551672694729,"no",2.12733672296439,"IrishCream"
"414",33.4085699126433,2.78673749603669,5.45561363422704,1.26020019788613,61.7473178451858,"yes",1.10595763051875,"IrishCream"
"415",73.8596938992305,6.00644896563922,1.42957050211331,1.04895306869282,80.8384054623892,"yes",1.26218835986896,"Plain"
"416",36.1573848403687,2.97051513989483,3.27280630721476,2.46648003288433,56.2587490592592,"no",1.31470924727755,"IrishCream"
"417",41.7948278042697,3.26633976009242,1.91231178607493,1.37033239357687,61.2926473320253,"no",4.0716549488778,"HotChili"
"418",45.8520106351664,3.95075988892347,4.23783421944263,2.03394683987366,63.4843035832566,"yes",2.77207190186465,"IrishCream"
"419",60.632105491409,6.36623245251951,3.0622385805927,2.36650814497713,59.0892676687997,"no",2.06487611933948,"IrishCream"
"420",65.6849227145139,6.10354237426914,3.49709554467631,2.6924354908951,59.8756372407723,"no",2.26506654112632,"Peppermint"
"421",80.3849408448684,6.39194482721599,2.49768979650863,2.69770204998879,76.4590402238202,"yes",4.60649078990907,"Plain"
"422",93.4426379755569,7.04020737443194,1.66645886753598,1.86043083988974,81.4196682885499,"no",1.99064014413554,"HotChili"
"423",52.5520715335327,4.7916765200488,6.05718568377995,1.04853942247275,62.1400067721663,"no",1.08418341809437,"HotChili"
"424",42.5947994624736,4.06877047977937,2.01227759409744,1.37979875209718,58.6555867707726,"no",1.54723082638394,"Plain"
"425",68.9725149396481,6.31022948300439,3.97219476519619,2.2351770257012,74.7697990165853,"yes",1.26251154797127,"Peppermint"
"426",75.0050365541671,7.77121028263906,0.0734405713437458,2.67233126620443,76.935387470479,"no",1.76178500872305,"Plain"
"427",0,0,0.281178028652414,1.33432148079797,43.4906044148254,"yes",1.1732536710283,"HotChili"
"428",41.4204948718236,4.17999084550676,0.0956097950652361,2.9245908231485,47.9797559442294,"no",3.84105248903396,"IrishCream"
"429",56.6264977428227,3.81523888422552,0.045847081693267,2.384464623038,66.5505182705592,"yes",3.11604103359957,"Peppermint"
"430",50.506885833626,4.33119028210308,0.242341356336137,1.61289461835194,53.7918548465912,"yes",1.56687481929376,"HotChili"
"431",23.5674266680903,2.49604195823237,1.71971807326165,1.96746843222564,40.4831042153299,"yes",1.81609921933282,"IrishCream"
"432",54.7663751930794,4.6734151907298,1.206356026174,1.65152735813719,50.2511730963737,"no",2.84499085363479,"IrishCream"
"433",42.3589385025429,5.01635711829382,1.77467967363354,1.81462005365844,55.4595128295549,"no",1.04642894951611,"IrishCream"
"434",47.0921171599116,3.88227688141523,0.554926246129664,1.32090536285252,58.4677618440408,"yes",1.35554285463811,"IrishCream"
"435",34.7831066623948,3.0346051042803,2.32609146443846,1.16307237894482,47.4700715507871,"no",1.65612587224719,"HotChili"
"436",28.3125665017325,3.22125316216029,2.47626615251343,1.23908668014272,45.4955259798408,"yes",3.06422625025313,"Plain"
"437",38.8452822389467,3.1394978848188,4.88624485541382,1.80641196791483,50.2264727547634,"yes",2.77854292412898,"Peppermint"
"438",47.3215992551347,5.33821578149425,3.25546205222255,1.13657205300408,68.660599079451,"no",1.2279766587225,"Peppermint"
"439",72.7851904156748,5.65567646287139,1.3102243092897,1.39749728065674,79.2854203212405,"yes",2.13995103347911,"HotChili"
"440",62.5386020684102,6.15371266210982,1.52819062461104,1.02233975917551,70.9806377649449,"no",2.54736747899414,"Plain"
"441",72.4703853425629,6.51070329834994,2.34636856435719,2.2957674582385,72.1697769498976,"yes",2.60039569663898,"Plain"
"442",69.5639233964405,3.8165963796206,1.79331676476064,2.70004945201281,71.1211631828506,"no",1.24397794310292,"IrishCream"
"443",42.1111617861666,3.87095319473907,1.26921638409568,2.70126800243419,48.7706057120033,"yes",2.0254161309008,"IrishCream"
"444",57.483170327777,3.81346977586275,1.8172057765946,2.30629236975398,64.0581556459549,"yes",1.07414430113478,"HotChili"
"445",61.4834468138839,3.53905187571535,2.4538091408126,2.66660800861221,71.9380844901637,"yes",1.09875567802186,"Plain"
"446",53.9446977326063,4.26136429951313,2.69477791544303,2.31854025181647,64.7454455992824,"no",1.4908810524969,"HotChili"
"447",45.6078383110539,4.14671864915159,1.62138309940701,1.31642675520242,58.307644140341,"yes",1.014229920639,"IrishCream"
"448",41.5393823910838,3.33745664313509,7.27387483398187,2.71586004420295,61.1980618350834,"yes",1.06242587268903,"Plain"
"449",67.2195188449704,5.81689692616166,2.01257229505171,1.85302488072732,64.972436537268,"yes",1.36745390126554,"HotChili"
"450",57.8776850982179,4.74061523167362,0.978126334775193,1.85190578725584,58.6858209213731,"no",3.11645440520903,"Peppermint"
"451",73.28381271443,6.25482799243328,3.79512461668836,2.04622977477285,78.5964297651413,"no",2.62156313111685,"Peppermint"
"452",52.4028639527758,3.70646150006166,1.10802929619475,1.00023159994589,58.6282639445162,"yes",1.99949767510216,"IrishCream"
"453",55.062627257707,4.46936055442312,1.29849036573527,2.1282045916372,65.1183096871863,"yes",3.96969940867609,"Peppermint"
"454",85.4482646754459,5.99839419022533,5.84068270905066,1.60568011548441,76.6983325415128,"no",1.14689933457696,"HotChili"
"455",66.2882817544324,4.49709189296048,4.2168136234381,1.24502870259654,66.0836037660635,"no",2.5623738308729,"IrishCream"
"456",49.780975495834,2.44220893397286,2.51844692639792,2.96130355376616,59.8015584744185,"no",1.85679904848986,"HotChili"
"457",78.2085549483645,7.0947401778802,3.32982225379651,1.81493259041157,72.9249867072622,"yes",1.43387369638072,"HotChili"
"458",42.7737222128285,3.25626135816662,7.11199735685606,1.43606726190386,53.3717701162353,"yes",2.23251673208988,"HotChili"
"459",60.9744623976542,3.6253566751276,3.41427917282775,1.44610697708493,72.6560751503472,"no",2.26591749872583,"HotChili"
"460",40.9500491702477,3.64786970191435,2.00600649645521,1.90566605435097,58.5605093307038,"no",1.04594158518663,"HotChili"
"461",40.0203802065226,4.11354133877711,1.13292987453455,1.27316130239598,62.5439979930848,"yes",1.46378765978592,"IrishCream"
"462",42.3091204589125,4.04771607413714,0.270333389423907,1.87973382624214,50.9902664662151,"no",1.09998235937346,"IrishCream"
"463",60.5625271257295,5.10072369740051,1.38504603478543,2.37783534902463,66.8489719108085,"no",2.47645337053108,"Plain"
"464",50.7424718362762,2.84793396066606,3.68238726575394,1.16981760766762,66.0997267080397,"no",1.67114812591204,"Plain"
"465",51.9647864264275,5.8283471432788,2.01559356374514,3.0728154903813,66.1462846453326,"yes",2.14011464303669,"HotChili"
"466",41.3662132631045,4.00483427864494,4.072473121188,1.31372042251094,55.0930169853492,"yes",2.45028101012732,"HotChili"
"467",54.2411062048401,4.06045970365489,1.02327982075967,4.19192162509028,64.1123714951577,"no",1.3859709098827,"HotChili"
"468",43.9226145569324,3.93778384517457,1.37220709179215,1.21181044568171,64.9802431274665,"no",1.15807747627244,"HotChili"
"469",71.3176847479145,5.47083369735682,0.412008240956691,1.19779311570625,68.3435735478886,"no",1.81429587729862,"IrishCream"
"470",63.5584305069786,6.20868220377341,1.34610120702075,2.56642638986614,64.2859492845761,"yes",1.32876925681345,"HotChili"
"471",51.2162731847196,4.38449559388317,3.23607952946065,1.16825054489048,50.8853614645631,"yes",2.76277516913903,"HotChili"
"472",78.9872963622524,6.22042220475375,2.50010579203576,1.36740761478739,72.5377966121101,"yes",2.06195315702339,"Plain"
"473",18.3778748959558,2.75344681484612,0.296272215076536,1.66097651386401,42.5730788958073,"yes",1.35402851170347,"HotChili"
"474",60.1182818998748,4.5168528048409,2.82181118498223,1.4189931884123,67.0571724127467,"yes",1.34650503458227,"Plain"
"475",71.1856094596972,5.94050349549185,0.0695140418940836,1.10360429628137,65.3789677102997,"no",1.66489972743859,"IrishCream"
"476",46.5239020412735,4.30474264464944,1.62145668549211,1.11811850226037,60.854460899577,"no",1.49989123013187,"IrishCream"
"477",41.1365534399101,3.53934550653841,1.43980957740736,1.99065606305648,52.8631771805306,"yes",2.89915067178699,"HotChili"
"478",40.1283295878785,3.27060149514758,0.800924911457325,1.99520757412676,49.4879433890572,"yes",1.28228425364749,"IrishCream"
"479",61.7780875073155,5.44682301623084,1.99625305169305,2.40550615894825,69.1183599602018,"yes",1.17973360954023,"HotChili"
"480",58.5506996687149,4.19511825607808,3.59060199129208,1.7601774785308,71.6902799445225,"yes",1.54557205229971,"IrishCream"
"481",46.8051866874675,3.5731861758092,3.50615175679077,1.38786364884801,60.0153928299563,"yes",1.72020805051567,"HotChili"
"482",47.6917723546528,3.5834809699945,0.652246218936575,3.10484399224877,63.1183495394811,"yes",2.64893295795722,"IrishCream"
"483",48.1992539110167,4.37282474271978,3.4815374649333,1.01913618597917,61.9668815697724,"no",2.70827491887714,"IrishCream"
"484",48.2413154162731,4.9299114981079,2.42453513615933,1.14051401649596,54.634501237087,"yes",2.94956965557375,"Peppermint"
"485",62.1858256473547,5.03813599059912,0.159088849639781,1.41271226245668,73.2625506974904,"no",1.29436603333083,"Peppermint"
"486",32.9243564735857,2.8445486375714,0.203875078792476,3.2351654406789,44.831366294824,"no",1.04473856230867,"Peppermint"
"487",68.9739045552228,5.69237491140804,1.65555915604612,1.04500581847145,65.7859464987426,"no",1.68933554981128,"Plain"
"488",16.2621473219561,2.54232889495626,2.03184927721285,3.04048937415617,46.6213846979547,"yes",3.7493245416844,"HotChili"
"489",64.9520622426535,4.71236269198008,7.16563903125671,1.63785357895005,64.4989558240031,"yes",1.55739356347445,"HotChili"
"490",59.6262174437609,4.55221229719794,1.24800988545287,2.01114477750739,60.3852056317803,"no",2.5352910317707,"HotChili"
"491",55.0719781081179,3.74613475632252,4.15080457956125,2.34267777488807,55.9515593593225,"yes",2.9610452390927,"Plain"
"492",39.7718850455444,3.77291348850306,0.133661987371083,2.89792387433708,50.0492174770239,"yes",1.15043391655915,"HotChili"
"493",69.3736804503163,6.35215915846176,2.81451909657171,2.68709626416451,67.4166145747328,"yes",2.02465132224025,"HotChili"
"494",67.9318770605476,5.64411453261924,0.503191165641884,2.23344650520694,64.9865288854298,"yes",2.07845641939558,"IrishCream"
"495",73.6543016049482,6.56286666669793,10,2.77558243209675,73.9926461277253,"no",1.50427475869389,"HotChili"
"496",57.6663776478651,6.22741325013047,6.07304398097517,1.58337703641135,71.8593685284356,"yes",1.48275306897948,"Peppermint"
"497",72.2718171407597,6.28240487296796,5.39767287082688,1.87736503847057,71.8242012011401,"no",4.36424210841019,"Peppermint"
"498",26.5421868489522,0.92984439860386,1.84812126984777,1.7669767603621,41.6777689354298,"no",2.47711932861107,"Peppermint"
"499",78.5191389903494,4.79018676672013,0.087918455548607,1.21033497762894,80.9841294211459,"yes",1.97307310974485,"IrishCream"
"500",42.5695107861319,4.33944764602095,4.68518359991911,1.82144795329256,48.4925344694694,"yes",1.68145352782503,"HotChili"
